"","Country","Region","HPI","HPIRank","Year","Code","Internet","LifeExpect","GovDebt","FemaleOutSchool","GovHealth","PriHealth","EduSecondaryFemale","PPP","PopDensity","UnEmployment","SocialSupport","FreedomToChoice","Corruption"
"1","Albania","7b",47.91,54,"2009","ALB",41.2,"76.221","..","12.66232","239.36609066","188.82964492","..","8814.79960576386","106.843759124088","13.673999786377",0.833046615,0.525223255,0.863665402
"2","Algeria","3a",51.23,40,"2009","DZA",11.23,"74.644","..","..","465.2056927","190.69380234","..","12291.7607653725","14.8353224953185","10.1599998474121",NA,NA,NA
"3","Angola","4a",26.78,130,"2009","AGO",2.3,"54.311","..","24.66588","138.49788969","58.32272544","..","6092.78324495025","18.0591008261811","10.6090002059937",NA,NA,NA
"4","Argentina","1b",58.95,15,"2009","ARG",34,"75.116","..","..","942.21271324","550.34665367","51.37297","16753.3948879075","14.7926100508278","8.64500045776367",0.918693185,0.63664645,0.8847422
"5","Armenia","7a",48.28,48,"2009","ARM",15.3,"73.118","..","..","114.47109292","163.06751479","..","6326.65796858965","101.443343870741","18.7399997711182",0.680006921,0.441412747,0.881887496
"6","Australia","2a",36.64,102,"2009","AUS",74.25,"81.5439024390244","24.0607231707462","..","2463.51833209","1091.55039377","92.24154","40300.3082316095","2.82359449643987","5.56099987030029",NA,NA,NA
"7","Austria","2c",47.69,57,"2009","AUT",73.45,"80.3317073170732","..","2.57187","3051.18250498","1137.31481328","..","40926.5237645676","101.035665641397","5.30100011825562",NA,NA,NA
"8","Azerbaijan","7a",41.21,85,"2009","AZE",27.4,"70.597","6.29501240116287","12.85804","196.4858854","603.62572546","93.71108","15162.8877986052","108.291287895398","5.73999977111816",0.735970318,0.498138398,0.753849745
"9","Bangladesh","5a",54.09,31,"2009","BGD",3.1,"69.485","..","..","11.80756355","40.63259593","..","2335.91871657039","1121.03247292003","5",0.527813554,0.630931079,0.776003957
"10","Belarus","7c",35.67,104,"2009","BLR",27.43,"70.4073170731707","18.5574619808712","..","524.79001656","285.89748773","89.44789","14580.5808004617","46.8729168721033","6.09999990463257",0.907777846,0.679292619,0.67554307
"11","Belgium","2c",45.36,64,"2009","BEL",70,"80.0341463414634","..","1.38866","3140.29813641","673.80220501","76.40842","38008.8318042255","356.555250990753","7.90799999237061",NA,NA,NA
"12","Belize","1a",54.53,27,"2009","BLZ",27.2,"71.541","82.1112290694213","2.95008","256.73310359","127.02675029","..","7533.77078808382","13.7946076282332","10.1149997711182",NA,NA,NA
"13","Benin","4c",24.58,134,"2009","BEN",2.24,"59.009","..","..","18.10939825","35.24309064","..","1773.72977079744","79.325186236254","0.967000007629395",NA,NA,NA
"14","Bhutan","5a",58.5,17,"2009","BTN",7.17,"67.882","56.7763136832133","13.47172","137.13312262","31.63667954","..","5967.75080811045","17.795813119851","3.96000003814697",NA,NA,NA
"15","Bolivia","1b",49.35,47,"2009","BOL",16.8,"67.476","..","2.05358","164.77692704","84.23533161","41.60848","5045.33127268835","9.12469399058433","2.86299991607666",0.831319928,0.778938591,0.762604535
"16","Bosnia and Herzegovina","7b",44.96,65,"2009","BIH",37.74,"75.844","..","..","552.32909902","251.72471358","..","9030.46433192636","72.9675390625","24.068000793457",0.735232174,0.257533818,0.958739877
"17","Botswana","4a",20.85,141,"2009","BWA",6.15,"58.447","18.9731164738468","12.67343","542.60757511","207.61598199","..","12007.2323898495","3.44696416282886","16.1690006256104",NA,NA,NA
"18","Brazil","1b",61.01,9,"2009","BRA",39.22,"73.3","63.8078274298857","1.49212","495.84731799","617.80335814","51.04104","13288.4388133052","23.1973271565205","8.52200031280518",0.912818074,0.766716063,0.722514987
"19","Bulgaria","7b",42.04,82,"2009","BGR",45,"73.4121951219512","..","..","501.75065165","430.78995572","90.94446","14146.1068964246","68.5744565217391","6.81699991226196",NA,NA,NA
"20","Burkina Faso","4c",22.4,138,"2009","BFA",1.13,"56.377","..","40.06603","24.8831695","28.27503055","..","1348.00597328637","55.3402704678363","4.39699983596802",NA,NA,NA
"21","Myanmar","5a",51.23,39,"2009","MMR",0.22,"63.089","..","11.94377","6.02149794","57.36197883","..","3280.27459442849","76.9177514158886","0.908999979496002",NA,NA,NA
"22","Burundi","4b",21.84,139,"2009","BDI",0.9,"56.488","..","8.56737","15.31711824","34.02636521","..","698.17355330756","327.01199376947","1.79499995708466",0.325692534,0.427355915,0.718203425
"23","Cambodia","6c",42.34,80,"2009","KHM",0.53,"66.014","..","..","28.49147561","91.04696855","9.86441","2340.55856673636","79.8414004078858","1.28100001811981",0.818258047,0.937233329,0.96477896
"24","Cameroon","4c",27.22,126,"2009","CMR",3.84,"54.627","..","..","20.75716924","96.92985747","..","2767.97483614165","41.8648198684183","3.69300007820129",0.728693902,0.698030412,0.925447285
"25","Canada","2b",39.4,89,"2009","CAN",80.3,"80.9951219512195","..","..","2995.06190196","1087.10307436","..","38797.3850494638","3.69812041774848","8.3439998626709",0.94284451,0.915057838,0.412622124
"26","Central African Republic","4a",22.88,137,"2009","CAF",1.8,"46.719","..","44.88959","6.60420288","15.04528284","..","919.408558925555","6.96270345757488","6.87200021743774",NA,NA,NA
"27","Chad","4b",34.27,109,"2009","TCD",1.5,"50.346","..","..","15.75373983","53.69877533","4.13826","1688.08228231936","9.18054876111817","1.61199998855591",0.645713627,0.401370287,0.931180775
"28","Chile","1b",49.72,46,"2009","CHL",41.56,"78.558","..","4.4754","683.06060916","486.56146348","76.96374","16159.6052340491","22.7107714130507","11.3129997253418",0.831581831,0.746614039,0.734211445
"29","China","6a",57.11,20,"2009","CHN",28.9,"74.119","..","..","176.43936376","180.36050284","..","8352.68993342959","141.801240358753","4.69999980926514",0.79803437,0.771143258,NA
"30","Colombia","1b",66.1,6,"2009","COL",30,"75.193","68.9704241369855","0.87829","467.08344825","188.7550342","43.37178","10274.4898568749","40.3335322217215","12.0659999847412",0.885926604,0.757100701,0.837143481
"31","Congo, Rep.","4a",32.43,112,"2009","COG",4.5,"59.321","60.7968720094783","..","29.68399313","53.52894784","..","4886.38366885052","12.1387730600293","16.1000003814697",NA,NA,NA
"32","Congo, Dem. Rep.","4a",29.04,120,"2009","COD",0.56,"56.35","..","..","1.8091172","13.7795906","..","616.658619394968","27.5461829249465","3.66899991035461",NA,NA,NA
"33","Costa Rica","1a",76.12,1,"2009","CRI",34.33,"78.626","..","..","688.60729984","268.77172482","49.91301","12058.5238213641","88.5377986682334","7.71299982070923",0.899781644,0.886061072,0.786559105
"34","Croatia","7b",47.23,60,"2009","HRV",50.58,"76.1682926829268","..","8.07946","1352.65356536","280.38985941","..","20034.7358021546","76.933184417441","9.20199966430664",0.860663235,0.549258351,0.958130538
"35","Cuba","1a",65.68,7,"2009","CUB",14.33,"78.256","..","1.81149","1996.30752774","176.13026654","..","..","105.474530251785","1.66999995708466",NA,NA,NA
"36","Cyprus","2e",46.19,62,"2009","CYP",49.81,"79.245","..","..","952.50096461","1268.36637771","71.0296","33888.2852261088","118.840151515152","5.36399984359741",0.811736107,0.774590671,0.801423609
"37","Czech Republic","7b",38.31,92,"2009","CZE",64.43,"77.0780487804878","..","..","1670.87387582","345.05960687","99.78345","27599.3008601602","135.196582524272","6.66200017929077",NA,NA,NA
"38","Denmark","2d",35.47,105,"2009","DNK",86.84,"78.5975609756098","..","0.70521","3643.81197465","670.49726458","..","40339.6771281296","130.169573415037","6.00699996948242",0.93889159,0.949335575,0.205769762
"39","Djibouti","4b",40.44,87,"2009","DJI",4,"59.561","..","51.93456","64.84511439","33.53040275","..","..","35.712812769629","11.7170000076294",0.900565028,0.649316013,0.634222806
"40","Dominican Republic","1a",71.78,2,"2009","DOM",27.72,"71.806","..","..","234.71510373","273.21974138","..","10283.1614744151","198.23508590354","5.46700000762939",0.87816149,0.862979472,0.805910408
"41","Ecuador","1b",55.46,25,"2009","ECU",24.6,"74.895","..","..","235.99564611","332.84550585","42.73693","8841.98438922826","59.4879368658399","4.60799980163574",0.779397964,0.736880839,0.774304509
"42","Egypt","3a",60.32,12,"2009","EGY",20,"70.159","..","..","149.34541498","269.9264963","..","9411.30496895581","81.5056487015923","9.08699989318848",0.744179964,0.611082554,0.80086565
"43","El Salvador","1a",61.46,8,"2009","SLV",12.11,"70.978","58.1469337815346","..","248.74450159","188.76115448","34.8451","5955.81386643625","297.185617760618","7.32999992370605",0.734112799,0.670932412,0.647527635
"44","Estonia","7b",26.42,131,"2009","EST",72.5,"74.8243902439024","..","..","1034.10189356","300.92837943","..","20502.353701344","31.4818353385232","13.5480003356934",0.873774767,0.61070931,0.793151677
"45","Ethiopia","4b",28.1,124,"2009","ETH",0.54,"60.645","..","25.46297","8.58995208","18.40978067","..","950.554329360797","85.233913","2.35400009155273",NA,NA,NA
"46","Finland","2d",47.23,59,"2009","FIN",82.49,"79.719512195122","..","1.75552","2608.51002169","744.52133861","..","37830.0231384274","17.5678545574202","8.24899959564209",NA,NA,NA
"47","France","2c",43.86,71,"2009","FRA",71.58,"81.4146341463415","..","0.81827","3006.83598666","919.15983122","75.85345","34685.17379693","118.174073061316","8.73600006103516",0.918158531,0.798213184,0.654168189
"48","Georgia","7a",43.6,72,"2009","GEO",20.07,"71.18","34.6115568306284","2.64768","118.36335139","404.12183826","..","6316.00442119158","66.7346478183281","18.2999992370605",0.54351306,0.495314002,0.534585297
"49","Germany","2c",48.07,51,"2009","DEU",79,"79.8365853658537","..","..","3435.5990347","684.20299456","96.36028","37042.4478763203","234.939637417171","7.74200010299683",0.934782326,0.843784511,0.689930737
"50","Ghana","4c",37.1,100,"2009","GHA",5.44,"60.645","..","15.66141","82.31764898","71.85216899","..","2784.13827920545","106.22721279775","5.17199993133545",0.633197725,0.75747776,0.889738321
"51","Greece","2e",37.58,97,"2009","GRC",42.4,"80.1878048780488","..","..","1948.15467925","929.32003258","..","30365.3999269637","86.1677036462374","9.61600017547607",0.793317616,0.443107843,0.958768308
"52","Guatemala","1a",68.37,4,"2009","GTM",9.3,"71.108","23.017233975267","..","145.41713536","249.79553645","..","6458.25303432083","133.597079134005","3.30800008773804",0.833815634,0.643478751,0.754889369
"53","Guinea","4c",30.25,116,"2009","GIN",0.94,"56.279","..","37.43576","4.00717196","29.46581773","..","1574.55279605069","40.5521284388735","4.12799978256226",NA,NA,NA
"54","Guyana","1a",45.63,63,"2009","GUY",23.9,"67.792","..","8.44242","88.23969215","99.91505636","..","5428.7561590314","3.79841503683007","11.3990001678467",NA,NA,NA
"55","Haiti","1a",50.84,42,"2009","HTI",8.1,"60.148","..","..","20.46344848","43.37689132","..","1570.62109385648","355.516908563135","16.2350006103516",NA,NA,NA
"56","Honduras","1a",60.99,10,"2009","HND",9.8,"73.061","..","12.7462","149.93691017","167.46487605","..","3726.82614885361","72.8463222808115","3.29200005531311",0.823966086,0.661202788,0.856734335
"57","Hong Kong","6b",41.6,84,"2009","HKG",69.4,"82.7756097560976","..","..","..","..","69.74596","43949.5713864246","6640.7619047619","5.26000022888184",NA,NA,NA
"58","Hungary","7b",38.86,90,"2009","HUN",62,"73.9048780487805","80.3321555925682","1.41148","1016.61998094","478.81230624","97.0152","20651.7618324996","110.710814094775","10.0299997329712",0.900874496,0.464373112,0.914700747
"59","Iceland","2d",38.14,94,"2009","ISL",93,"81.7512195121951","96.9238517035801","..","3037.61495325","667.62191288","..","41905.3660341379","3.17704738154613","7.21999979019165",NA,NA,NA
"60","India","5a",53.03,35,"2009","IND",5.12,"66.244","55.2564421344724","2.78927","36.08546841","103.38214026","..","4026.38086488723","409.568919241623","2.47499990463257",0.652852058,0.678643644,0.894611061
"61","Indonesia","6c",58.92,16,"2009","IDN",6.92,"68.853","29.997306381567","4.22401","72.27759936","134.97037038","37.4224","7813.09010599137","131.720310559349","6.10599994659424",0.779368043,0.783792853,0.910941303
"62","Iran","3b",42.08,81,"2009","IRN",13.8,"73.457","..","2.62968","396.05479685","684.47261341","..","16791.0588831018","44.7732244161202","11.9700002670288",NA,NA,NA
"63","Ireland","2c",42.62,78,"2009","IRL",67.38,"80.190243902439","66.6970216539395","..","3373.87315856","1003.70377392","..","41621.718321539","65.8350268544056","12.6090002059937",0.958702445,0.834729671,0.579600155
"64","Israel","3b",44.49,67,"2009","ISR",63.12,"81.4048780487805","..","..","1232.32658121","749.83403856","83.49414","27499.1212993853","345.914972273567","9.53400039672852",0.936573029,0.592529774,0.922718406
"65","Italy","2e",44.02,69,"2009","ITA",48.83,"81.6365853658537","..","..","2429.4768001","673.10037052","68.02658","34513.9729232965","200.908971918134","7.74900007247925",0.880312502,0.700550497,0.889984667
"66","Jamaica","1a",70.09,3,"2009","JAM",24.3,"74.071","134.678769793404","..","229.04070948","152.50327026","..","7919.93023710154","258.156694367498","11.3620004653931",NA,NA,NA
"67","Japan","6b",43.25,75,"2009","JPN",78,"82.9314634146342","158.874629469603","..","2434.38573771","560.15291024","..","33198.616113072","351.294924554184","5.09999990463257",0.888356864,0.729888022,0.740108192
"68","Jordan","3b",54.59,26,"2009","JOR",26,"73.266","60.6983174491117","..","601.49713034","260.5743598","..","9357.48094828278","77.6442892543366","12.8999996185303",0.899033546,0.770953655,0.739464462
"69","Kazakhstan","7a",38.54,91,"2009","KAZ",18.2,"68.4292682926829","..","..","482.2837019","152.13602541","94.59046","18392.8849852359","5.96096677408601","6.55000019073486",0.892997801,0.856448293,0.844568431
"70","Kenya","4b",27.77,125,"2009","KEN",6.1,"59.932","..","11.62743","38.18150734","58.84234949","27.71544","2235.68011133501","71.8659591664617","9.60000038146973",0.789220333,0.583594739,0.912946522
"71","Korea, Rep.","6b",44.43,68,"2009","KOR",81.6,"79.9682926829268","..","..","1042.10358217","687.84924023","70.99301","28325.2092954875","508.013960436843","3.59999990463257",NA,NA,NA
"72","Kuwait","3b",27.04,128,"2009","KWT",50.8,"74.162","..","..","2674.62363445","395.46964245","..","79262.7536911132","158.307800224467","1.63999998569489",0.926411927,0.818781018,0.675121784
"73","Kyrgyzstan","7a",47.09,61,"2009","KGZ",16,"69.1024390243903","..","4.71235","96.34502961","73.6893666","94.51887","2746.97206910734","28.0672575599583","8.40999984741211",0.854935646,0.698919952,0.896227479
"74","Laos","6c",57.34,19,"2009","LAO",6,"63.797","..","12.04986","48.31755739","68.22277342","..","3823.69226913528","26.6404809358752","0.800000011920929",NA,NA,NA
"75","Latvia","7b",36.67,101,"2009","LVA",66.84,"73.0804878048781","..","0.82846","613.13405882","409.85030304","99.04541","16871.7801070176","34.4430524284336","17.5149993896484",0.806939304,0.437064558,0.942090392
"76","Lebanon","3b",33.56,110,"2009","LBN",30.14,"78.161","..","..","418.8152797","641.25396028","..","13286.6125663421","470.481524926686","6.35500001907349",0.736411929,0.664733827,0.937024593
"77","Lithuania","7b",40.9,86,"2009","LTU",59.76,"72.9146341463415","..","..","952.85252384","371.4914761","87.91269","18145.8529229608","50.4653530115676","13.7849998474121",0.932608962,0.495955795,0.978800118
"78","Luxembourg","2c",28.47,122,"2009","LUX",87.31,"80.6365853658537","..","..","5205.08864402","885.1096239","..","82278.1973939736","204.848971193416","5.12200021743774",0.938559353,0.939101696,0.431606978
"79","Macedonia","7b",32.66,111,"2009","MKD",51.77,"74.484","..","7.75043","447.33585529","252.66172331","..","10914.420663767","82.0396114195083","32.1790008544922",0.734430969,0.552173734,0.843915761
"80","Madagascar","4a",31.54,113,"2009","MDG",1.63,"62.944","..","..","16.58021572","31.95477629","..","1376.07422030894","35.3700811638064","3.51300001144409",NA,NA,NA
"81","Malawi","4a",34.47,107,"2009","MWI",1.07,"53.888","29.2734146419207","..","14.33457597","15.869855","..","1004.66075755083","149.853150190921","6.42999982833862",0.71845001,0.879161239,0.68892628
"82","Malaysia","6c",54.05,33,"2009","MYS",55.9,"74.305","50.8357553824479","2.65236","369.95340451","297.3037899","63.56894","19283.4523118624","84.4164967280475","3.69000005722046",0.791666389,0.874319792,0.858095229
"83","Mali","4c",25.77,132,"2009","MLI",1.8,"54.756","..","38.75018","15.82103767","57.96781764","..","1777.69007942335","11.9501298978028","9.39599990844727",0.732557058,0.633815944,0.819207728
"84","Malta","2e",50.36,44,"2009","MLT",58.86,"80.2414634146342","..","..","1376.08070908","743.68187886","..","26139.5081810283","1288.990625","6.88899993896484",0.91577214,0.803179801,NA
"85","Mauritania","4c",38.21,93,"2009","MRT",2.28,"62.266","..","26.35884","35.69074399","80.93199678","..","3260.58863873724","3.29233433588823","10.7469997406006",0.819333792,0.735071182,0.848293781
"86","Mexico","1a",55.58,23,"2009","MEX",26.34,"75.128","..","..","403.90210729","414.61172899","51.78929","14558.2448127429","57.8532817202089","5.35599994659424",0.868220747,0.682463408,0.764225543
"87","Moldova","7b",54.08,32,"2009","MDA",27.5,"69.119","27.6322264363496","9.05197","205.84995169","224.66760067","91.6412","4275.93342192476","124.120304939604","6.40000009536743",0.855883062,0.550858617,0.925061643
"88","Mongolia","7a",34.95,106,"2009","MNG",10,"66.916","59.507115138108","..","181.60720331","78.75345409","..","7119.20825133531","1.72107675274853","5.8600001335144",NA,NA,NA
"89","Morocco","3a",56.75,21,"2009","MAR",41.3,"74.003","47.5036306769826","10.97761","155.58444749","204.87169257","..","6099.6927655251","71.5417589065651","8.96000003814697",NA,NA,NA
"90","Mozambique","4a",24.61,133,"2009","MOZ",2.68,"51.738","..","14.41022","4.51092753","3.99104333","..","881.196606759289","29.1140542740151","3.73000001907349",NA,NA,NA
"91","Namibia","4a",21.1,140,"2009","NAM",6.5,"55.207","15.8082771032135","..","348.15543847","218.09825277","..","8067.70020632544","2.52771684339662","21.5370006561279",NA,NA,NA
"92","Nepal","5a",51.91,37,"2009","NPL",1.97,"67.178","..","..","16.83860829","52.64995298","..","1844.10281668221","187.537739797698","1.567999958992",0.813067853,0.616153777,0.949701965
"93","Netherlands","2c",50.6,43,"2009","NLD",89.63,"80.5487804878049","..","..","3726.02930882","793.94665062","87.89245","44566.0618961764","490.079691669137","3.41300010681152",NA,NA,NA
"94","New Zealand","2a",36.21,103,"2009","NZL",79.7,"80.7024390243902","31.959087984103","..","2383.48147019","556.7662529","..","30699.6620210642","16.340435228438","6.12099981307983",NA,NA,NA
"95","Nicaragua","1a",60.54,11,"2009","NIC",7.3,"72.167","..","..","132.85392193","117.90080806","..","3730.98587936504","47.7441083596477","8.15999984741211",0.834688067,0.746065021,0.794486761
"96","Niger","4c",26.94,129,"2009","NER",0.76,"56.557","..","55.22306","15.88612094","32.09149506","..","754.254073089187","12.5074074366464","0.865000009536743",0.771265149,0.880042136,0.483152986
"97","Nigeria","4c",30.35,115,"2009","NGA",9.3,"50.422","..","40.43941","54.14892988","228.03147702","..","4682.43593482769","169.444462377988","3.75699996948242",0.72208178,0.53672111,0.913195729
"98","Norway","2d",40.36,88,"2009","NOR",92.08,"80.7951219512195","..","0.57391","4268.16233299","784.12888263","99.70086","55437.5308277998","13.2205490208493","3.1029999256134",NA,NA,NA
"99","Pakistan","5a",55.56,24,"2009","PAK",7.5,"64.969","..","39.88313","23.69012268","81.68904419","19.78022","3966.56521909687","227.69511337692","0.535000026226044",0.521746695,0.387697667,0.873649061
"100","Palestine","3b",47.73,56,"2009","PSE",32.23,"72.656","..","11.33596","..","..","47.99223","3695.02388646271","612.807142857143","24.5480003356934",NA,NA,NA
"101","Panama","1a",57.37,18,"2009","PAN",39.08,"76.6","..","4.60994","694.67892359","328.44387867","..","14554.8307892599","48.1465563626581","3.75799989700317",0.905028522,0.721393645,0.889423907
"102","Paraguay","1b",47.8,55,"2009","PRY",18.9,"72.45","..","9.57466","188.26190928","203.43537032","29.75929","8601.54016499283","15.514653913919","5.46000003814697",0.900353849,0.717870176,0.857340276
"103","Peru","1b",54.37,28,"2009","PER",31.4,"74.12","26.4008658753596","0.71956","221.9494978","215.64366434","47.34243","9078.55665684968","22.49426171875","3.90000009536743",0.79869628,0.638375103,0.880333722
"104","Philippines","6c",59.02,14,"2009","PHL",9,"69.667","54.7789746881022","6.43698","68.25789301","149.26284158","..","5106.39920581329","309.937813998726","3.85800004005432",0.775170922,0.87360549,0.804578125
"105","Poland","7b",42.75,77,"2009","POL",58.97,"75.6951219512195","..","5.41266","909.75030153","358.28109179","76.88002","19246.4486754828","124.564460624265","8.16699981689453",0.916798174,0.820649087,0.897762001
"106","Portugal","2e",37.46,98,"2009","PRT",48.27,"78.7268292682927","..","..","1828.91443714","786.78333465","39.13607","26469.1012416289","115.386472322306","9.43200016021729",NA,NA,NA
"107","Romania","7b",43.89,70,"2009","ROU",36.6,"73.309756097561","..","2.46104","688.12711599","186.38337105","83.37794","16635.2297984454","88.5311962096844","6.85900020599365",0.812449574,0.60582763,0.96679461
"108","Russia","7c",34.47,108,"2009","RUS",29,"68.6846341463415","8.69786633509383","0.27066","726.0760779","443.75276084","..","19389.9421268072","8.71871987748575","8.30099964141846",0.908075571,0.61711514,0.953601718
"109","Rwanda","4b",29.59,119,"2009","RWA",7.7,"62.129","..","..","24.87976357","26.4918818","..","1292.67889403154","396.545196595055","0.962000012397766",0.559390426,0.765569031,0.409702867
"110","Saudi Arabia","3b",59.7,13,"2009","SAU",38,"73.75","..","8.95368","1200.49815894","558.9623889","..","43119.8843940415","12.3879736148003","5.38000011444092",0.921288133,0.639405668,0.44513157
"111","Senegal","4c",38.03,96,"2009","SEN",7.5,"63.607","..","26.87513","34.73730012","56.57317034","..","2667.30742607382","64.0683737599335","10.3629999160767",0.810355306,0.556838155,0.918035448
"112","Sierra Leone","4c",23.08,136,"2009","SLE",0.26,"48.468","..","..","10.52496996","87.79772","..","1135.63112096309","86.9040454419507","4.03299999237061",NA,NA,NA
"113","Singapore","6b",48.24,49,"2009","SGP",69,"81.2414634146342","106.372468302322","..","874.36170856","1232.65740652","71.06266","62873.4947499576","7125.10428571429","5.8600001335144",0.866255283,0.77638185,0.035197988
"114","Slovakia","7b",43.52,73,"2009","SVK",70,"74.909756097561","..","3.80835","1341.60787589","494.20091337","..","23059.2356368899","112.006778956124","12.0249996185303",NA,NA,NA
"115","Slovenia","7b",44.53,66,"2009","SVN",64,"78.9707317073171","..","0.69762","1699.89377345","660.56424011","94.16342","27475.9859021907","101.245373452163","5.85699987411499",0.918696642,0.895956635,0.803634167
"116","South Africa","4a",29.69,118,"2009","ZAF",10,"56.46","..","..","406.2999991","375.10970951","69.81382","11416.001688222","41.610277061059","23.5380001068115",0.87735945,0.739409983,0.904342353
"117","Spain","2e",43.19,76,"2009","ESP",62.4,"81.4756097560976","50.7459947538718","..","2200.71279569","718.10799626","63.29274","32391.0205139","92.9750651746681","17.8570003509521",0.92945385,0.748514712,0.797704637
"118","Sri Lanka","5a",56.55,22,"2009","LKA",8.78,"75.286","86.063491912486","7.41827","149.84787034","214.77425033","72.73237","7674.35094192637","320.897911018976","5.84999990463257",0.829611897,0.798871219,0.689926445
"119","Sudan","4b",28.55,121,"2009","SDN",NA,"62.33","..","..","120.00869961","161.19048913","..","3262.02033780071","..","13",0.911406994,0.70997864,0.701229393
"120","Sweden","2d",47.99,53,"2009","SWE",91,"81.3512195121951","..","..","2919.65627141","642.5956602","85.85156","39694.9755664659","22.6605132329288","8.35099983215332",0.902532995,0.864004612,0.292112172
"121","Switzerland","2c",48.05,52,"2009","CHE",81.3,"82.0439024390244","22.2458964083591","..","3482.27366056","2142.92404891","95.23773","51769.0498916588","195.966970559419","4.11600017547607",0.938339293,0.891277194,0.342427015
"122","Syria","3b",51.32,38,"2009","SYR",17.3,"72.938","..","..","78.64711753","94.65434403","28.98607","..","115.475239599216","8.14000034332275",0.842402101,0.74825877,0.687760472
"123","Tajikistan","7a",53.48,34,"2009","TJK",10.07,"68.36","..","..","21.22122139","79.90559996","..","1986.59624690269","52.6204129751358","11.5",0.67565304,0.743786514,0.791703999
"124","Tanzania","4b",17.79,142,"2009","TZA",2.4,"57.666","..","..","28.72251019","33.93410068","..","2088.51994649928","48.6270422217205","2.5",0.836828411,0.606549144,0.902627051
"125","Thailand","6c",50.9,41,"2009","THA",20.1,"73.766","26.7792257017954","1.97533","333.51069164","107.78982074","..","12207.9684458475","130.883045273934","1.03900003433228",0.89324528,0.868223727,0.903822482
"126","Togo","4c",23.28,135,"2009","TGO",2.6,"56.818","..","..","11.72461938","41.32903648","16.12681","1164.34627800325","114.926181283324","1.88900005817413",NA,NA,NA
"127","Trinidad and Tobago","1a",54.21,30,"2009","TTO",44.3,"71.71","..","3.24705","782.39878843","857.38295022","59.69448","29454.0279198752","257.491228070175","3.64800000190735",NA,NA,NA
"128","Tunisia","3a",54.31,29,"2009","TUN",34.07,"74.88","42.9297921509547","0.31111","307.97203237","245.90085047","..","9868.30563943568","67.7503475798146","13.2910003662109",NA,0.781496286,0.722210646
"129","Turkey","3b",41.7,83,"2009","TUR",36.4,"74.074","50.4730899255796","5.48879","689.72960553","167.0984936","28.08951","15489.8719235994","92.669723113704","12.5520000457764",0.754645526,0.455817074,0.852887154
"130","Uganda","4b",30.21,117,"2009","UGA",9.78,"56.06","..","4.00402","32.84687375","90.22311363","..","1500.17850168733","157.204824583354","3.59999990463257",0.852087021,0.760231495,0.840422809
"131","Ukraine","7c",38.07,95,"2009","UKR",17.9,"69.19","24.8994141074509","11.60664","278.59129914","195.82498009","..","7267.41587084048","79.495442933094","8.84000015258789",0.845293224,0.460348487,0.962244451
"132","United Arab Emirates","3b",28.16,123,"2009","ARE",64,"76.145","..","..","1765.42366969","630.55319272","..","56975.5293798538","111.480878625739","2.69899988174438",0.885089338,0.848821878,0.338876456
"133","United Kingdom","2c",43.31,74,"2009","GBR",83.56,"80.0512195121951","69.3968239925111","1.93544","2520.59317239","439.29518465","99.69336","34769.3963199093","257.414417393461","7.53700017929077",0.964428782,0.816228807,0.558927298
"134","United States","2b",30.73,114,"2009","USA",71,"78.390243902439","76.1779363289699","..","3718.28732727","3980.60942713","94.71217","47099.9804711343","33.5363992251367","9.25399971008301",0.911793768,0.830683827,0.665393829
"135","Uruguay","1c",37.24,99,"2009","URY",41.8,"76.603","49.2733292135984","..","788.66309917","532.44542157","50.63291","15456.1846610528","19.1388184207519","7.73999977111816",0.923861444,0.82504946,0.543947875
"136","Uzbekistan","7a",50.07,45,"2009","UZB",11.9,"69.435","..","7.41471","95.41237512","98.67239188","..","3893.26524898297","65.2736248236953","5.03999996185303",0.904677987,NA,0.610257804
"137","Venezuela","1b",52.49,36,"2009","VEN",32.7,"73.116","..","3.79637","333.59863838","817.18336793","56.54334","16840.2822211172","31.7793877898078","8.05000019073486",0.944540977,0.676885664,0.827593684
"138","Vietnam","6c",66.52,5,"2009","VNM",26.55,"74.745","..","..","88.03231318","83.8325113","59.43264","4074.18424001313","280.879324023608","1.73699998855591",0.815026462,0.834133863,0.837869763
"139","Yemen","3b",48.09,50,"2009","YEM",9.96,"65.255","..","..","54.12572062","186.39751708","..","4221.41377611279","42.6472337443415","12.5129995346069",0.756429732,0.644228697,0.832427204
"140","Zambia","4a",27.18,127,"2009","ZMB",6.31,"54.13","..","10.1963","12.97985897","43.15924019","..","3017.02457070526","17.7768587148065","10.6230001449585",0.781925559,0.696183026,0.916553378
"141","Zimbabwe","4a",16.59,143,"2009","ZWE",4,"48.449","..","..","..","..","..","1581.16155844697","32.381977510663","5.03399991989136",0.805780947,0.411089182,0.930817783
"142","Iraq","3b",42.59,79,"2009","IRQ",1.06,"68.34","..","..","348.05170095","100.56345709","..","12287.7296540852","66.7092512433229","8.8129997253418",0.861746132,0.431467623,0.854340255
"143","Serbia","7b",47.63,58,"2009","SRB",38.1,"73.9853658536586","..","3.89881","720.82939031","444.82368796","80.07038","12536.5040525201","83.7046306883147","16.1420001983643",0.770126104,0.372881293,0.960977912
"144","Albania","7b",47.91,54,"2012","ALB",54.65595904,"77.252","63.6691526405469","6.38463","275.25217005","323.9775711","85.21604","10526.2356037242","105.854051094891","13.3760004043579",0.784501791,0.601512134,0.847675204
"145","Algeria","3a",51.23,40,"2012","DZA",18.2,"75.436","..","..","586.5958374","217.47997144","..","13479.6805812833","15.6960402898721","10.9700002670288",0.839396894,0.586663485,0.690116346
"146","Angola","4a",26.78,130,"2012","AGO",6.5,"57.236","..","..","106.03164838","52.9227892","..","6772.528333315","20.1395131146226","7.35900020599365",0.752592862,0.456028581,0.906300485
"147","Argentina","1b",58.95,15,"2012","ARG",55.8,"75.598","..","..","1201.14186351","436.92002065","55.02254","19764.2250139108","15.2495426957383","7.21700000762939",0.901776373,0.747498393,0.816546202
"148","Armenia","7a",48.28,48,"2012","ARM",37.5,"73.82","..","3.11879","117.85866007","373.29870811","..","7649.06153123358","101.307657183","17.3099994659424",0.676446438,0.501863778,0.892544389
"149","Australia","2a",36.64,102,"2012","AUS",79,"82.0463414634146","39.9077533348717","1.64368","2561.00248883","1231.06367885","94.27822","42826.789579996","2.95920036968095","5.22399997711182",0.944599032,0.935146272,0.368251741
"150","Austria","2c",47.69,57,"2012","AUT",80.02999392,"80.9365853658537","..","1.76759","3461.92849673","1288.65290744","..","46457.3457770311","102.114865434913","4.86499977111816",0.945142388,0.919703901,0.770585775
"151","Azerbaijan","7a",41.21,85,"2012","AZE",54.2,"71.506","..","8.91327","195.34304405","605.45054631","93.82755","16193.3956654319","112.460792901473","5.19000005722046",0.761873245,0.598859072,0.763154805
"152","Bangladesh","5a",54.09,31,"2012","BGD",5,"70.606","..","..","15.5067705","53.15598472","30.6079","2844.70256475036","1160.0814857494","4.0479998588562",0.581765294,0.66768229,0.764894426
"153","Belarus","7c",35.67,104,"2012","BLR",46.91,"71.9658536585366","24.4293134230567","..","612.57970252","315.66122982","..","17807.4177410243","46.6438075994283","6.03800010681152",0.901961505,0.64524883,0.657430232
"154","Belgium","2c",45.36,64,"2012","BEL",80.71999055,"80.3853658536585","..","1.20332","3555.16424709","745.6416403","77.67396","42435.9092509865","366.807529722589","7.54199981689453",0.92711705,0.855266631,0.757572532
"155","Belize","1a",54.53,27,"2012","BLZ",31,"73.044","74.9492343418746","..","286.32406054","131.44592045","..","8026.17277805109","14.8180622533976","14.2700004577637",NA,NA,NA
"156","Benin","4c",24.58,134,"2012","BEN",4.5,"59.842","..","..","19.28841706","36.94914632","..","1891.53038798579","86.2827953174885","2.73499989509583",0.523027301,0.768971086,0.805977643
"157","Bhutan","5a",58.5,17,"2012","BTN",15.6,"69.263","72.5156742224457","7.1663","164.82244148","51.43986904","5.84357","7692.58153675841","18.4060395358324","2.04999995231628",NA,NA,NA
"158","Bolivia","1b",49.35,47,"2012","BOL",35.34,"69.01","..","10.69466","179.94559995","108.73777913","47.01457","5825.13998452263","9.57968799039971","2.04800009727478",0.780819416,0.86237967,0.839701414
"159","Bosnia and Herzegovina","7b",44.96,65,"2012","BIH",45.06450043,"76.401","49.0902631535795","..","662.47832692","284.35704445","..","10304.0164615688","70.409609375","28.0100002288818",0.778859854,0.419789314,0.95342195
"160","Botswana","4a",20.85,141,"2012","BWA",16,"63.511","19.945550294908","10.05499","523.1095667","271.54462111","..","14558.0664085955","3.59880542762868","17.9130001068115",0.836743116,0.799410224,0.814422846
"161","Brazil","1b",61.01,9,"2012","BRA",48.56,"74.209","59.8494899958247","..","549.0537449","995.23886467","55.80868","15506.5617123515","23.8434981945744","7.19299983978271",0.890314102,0.848606348,0.622543156
"162","Bulgaria","7b",42.04,82,"2012","BGR",51.89998767,"74.3146341463415","..","2.49709","623.50257285","603.82876196","93.01004","16208.2204291165","67.2981577008106","12.2700004577637",0.837966621,0.641256452,0.938208699
"163","Burkina Faso","4c",22.4,138,"2012","BFA",3.725034916,"58.374","..","35.60472","18.55588905","29.20152331","..","1550.63068365825","60.5674195906433","5.80900001525879",0.743765771,0.621848702,0.726286888
"164","Myanmar","5a",51.23,39,"2012","MMR",4,"64.453","..","..","16.84968318","56.92606419","..","4193.13233879803","78.716524534946","0.870000004768372",0.612249672,0.691094279,0.694738686
"165","Burundi","4b",21.84,139,"2012","BDI",1.219999945,"58.568","..","..","19.98028106","15.94664368","..","762.422479525263","360.046261682243","1.71200001239777",NA,NA,NA
"166","Cambodia","6c",42.34,80,"2012","KHM",4.94,"67.48","..","..","40.25961578","127.24310162","..","2860.14673413502","83.7324609109449","1.27900004386902",0.605528593,0.955595791,0.890136123
"167","Cameroon","4c",27.22,126,"2012","CMR",7.5,"56.073","..","..","20.32366694","109.49425781","..","3021.40920046322","45.45126187303","3.84500002861023",0.74283731,0.766064227,0.898028791
"168","Canada","2b",39.4,89,"2012","CAN",83,"81.6487804878049","..","..","3166.33843686","1130.94363332","..","42189.1961096712","3.8174722411918","7.29199981689453",0.948128343,0.917961121,0.465601832
"169","Central African Republic","4a",22.88,137,"2012","CAF",3,"48.638","..","40.80646","9.68203312","16.56166829","..","1083.68992545175","7.12127997688529","6.91800022125244",NA,NA,NA
"170","Chad","4b",34.27,109,"2012","TCD",2.1,"51.928","..","..","13.39199208","49.96988999","..","1988.06482319185","10.1530733799238","1.77799999713898",0.672866464,0.562908113,0.884475827
"171","Chile","1b",49.72,46,"2012","CHL",55.05,"79.176","..","3.77238","910.71094549","607.20868766","..","21507.7074027908","23.402282979991","6.65899991989136",0.855235577,0.733610928,0.782117426
"172","China","6a",57.11,20,"2012","CHN",42.30011749,"75.013","..","..","283.01638257","224.48480916","..","11328.2817147723","143.871389770868","4.59999990463257",0.787818193,0.808255136,NA
"173","Colombia","1b",66.1,6,"2012","COL",48.98,"75.882","65.2887562447265","4.87933","473.52430454","210.00904805","46.95529","12226.2858372132","41.5293808021631","9.73999977111816",0.914372623,0.827868104,0.868371546
"174","Congo, Rep.","4a",32.43,112,"2012","COG",6.106695024,"61.423","..","6.86249","56.87062935","40.7902666","..","5518.96742184187","13.2070219619327","10",NA,NA,NA
"175","Congo, Dem. Rep.","4a",29.04,120,"2012","COD",1.679961015,"57.914","..","..","3.77841354","10.82567784","..","719.914258986702","30.4451807414922","4.4850001335144",NA,NA,NA
"176","Costa Rica","1a",76.12,1,"2012","CRI",47.5,"79.074","..","..","800.70087556","290.18838267","50.86552","14041.99377527","91.8135526831179","9.78400039672852",0.902206898,0.92891407,0.794301391
"177","Croatia","7b",47.23,60,"2012","HRV",61.93997315,"76.9243902439024","..","..","1359.20212346","285.28167681","..","21156.5833883975","76.2608649035025","15.9350004196167",0.775817871,0.541909754,0.923860013
"178","Cuba","1a",65.68,7,"2012","CUB",21.2,"78.446","..","2.06832","1619.12954229","245.21048689","79.14892","..","105.751116374129","3.46000003814697",NA,NA,NA
"179","Cyprus","2e",46.19,62,"2012","CYP",60.6898684,"79.812","..","1.32428","970.46133386","1153.29932999","76.00605","31914.6834217479","122.840476190476","11.7950000762939",0.767177105,0.724629581,0.870691717
"180","Czech Republic","7b",38.31,92,"2012","CZE",73.43000782,"78.0756097560976","..","0.3486","1706.48170709","336.12295153","99.87634","29047.2464395949","136.097177262722","6.97800016403198",0.91242677,0.739808738,0.956799686
"181","Denmark","2d",35.47,105,"2012","DNK",92.26001172,"80.0512195121951","..","0.47189","3861.07435833","736.54872043","99.52381","44803.9682421214","133.164372469636","7.52600002288818",0.951437175,0.932627916,0.187407613
"182","Djibouti","4b",40.44,87,"2012","DJI",8.267232892,"61.395","..","..","75.31096796","31.86451497","..","..","37.4519413287317","12.2889995574951",NA,NA,NA
"183","Dominican Republic","1a",71.78,2,"2012","DOM",42.32,"72.523","..","7.02318","323.66142351","357.04344967","55.58194","11979.7022644985","205.566363071828","6.72200012207031",0.879158199,0.840129375,0.727300286
"184","Ecuador","1b",55.46,25,"2012","ECU",35.13514645,"75.495","..","..","439.39237169","449.70409253","46.48732","10483.1341313652","62.3051296505073","3.23499989509583",0.785201013,0.825275123,0.729978859
"185","Egypt","3a",60.32,12,"2012","EGY",26.4,"70.736","..","0.67494","135.27554953","318.4085505","..","10172.9830564821","86.8172585262946","12.5970001220703",0.736645103,0.451543361,0.880383074
"186","El Salvador","1a",61.46,8,"2012","SLV",20.32138772,"71.692","..","..","311.19970286","191.3588235","36.81592","6773.4821398818","301.05805984556","3.84599995613098",0.806014717,0.682744801,0.786294818
"187","Estonia","7b",26.42,131,"2012","EST",78.38992593,"76.3268292682927","..","..","1152.43616219","355.24018264","..","26022.4688470951","31.2030195800896","10.0209999084473",0.889454544,0.696825743,0.7928527
"188","Ethiopia","4b",28.1,124,"2012","ETH",2.9,"63.281","..","22.2491","13.35758663","27.62657007","..","1250.35122224562","92.726971","2.19700002670288",0.658794284,0.776308239,NA
"189","Finland","2d",47.23,59,"2012","FIN",89.87999797,"80.6268292682927","..","0.76541","2959.18702403","815.46541378","..","40620.176066035","17.8155615518773","7.68900012969971",0.927739382,0.920968115,0.360733956
"190","France","2c",43.86,71,"2012","FRA",81.44,"81.9682926829268","..","0.01258","3260.983539","1025.78972461","78.02295","37679.1217798605","119.914109283287","9.39999961853027",0.93709743,0.841320336,0.607905269
"191","Georgia","7a",43.6,72,"2012","GEO",36.94,"72.097","32.5306776014339","1.64671","121.6769379","476.99644668","94.72088","8239.54408736673","65.238006928164","17.2199993133545",0.532586455,0.65872401,0.320887595
"192","Germany","2c",48.07,51,"2012","DEU",82.34999847,"80.5390243902439","..","..","3904.04046109","792.34232954","96.38566","43564.1480172353","230.750625466231","5.37900018692017",0.926406622,0.904440463,0.67923671
"193","Ghana","4c",37.1,100,"2012","GHA",10.6,"61.72","..","..","98.88972721","89.42318445","..","3664.60015273165","114.250017579327","6.00600004196167",0.68511188,0.679418445,0.897836149
"194","Greece","2e",37.58,97,"2012","GRC",55.06999344,"80.6341463414634","..","3.06071","1470.54444359","763.34848132","..","25284.4640766238","85.6866640806827","24.4389991760254",0.81214112,0.37261042,0.958908975
"195","Guatemala","1a",68.37,4,"2012","GTM",16,"72.236","24.3112735898706","7.19268","137.50534177","264.63630114","21.22154","7031.53131062653","142.504460619634","2.76500010490417",0.802148998,0.865472019,0.820923984
"196","Guinea","4c",30.25,116,"2012","GIN",3.1,"57.905","..","31.53618","8.82132137","38.06414454","..","1817.88046825629","43.3502726680775","4.10300016403198",0.542295277,0.646187842,0.794450223
"197","Guyana","1a",45.63,63,"2012","GUY",30.5,"68.575","..","..","136.42861474","133.6321505","..","6523.25104388796","3.83743459486919","11.9329996109009",NA,NA,NA
"198","Haiti","1a",50.84,42,"2012","HTI",9.8,"61.26","..","..","12.52707316","48.4804108","..","1621.25888398201","371.949564586357","14.1000003814697",0.74866271,0.482485861,0.717166364
"199","Honduras","1a",60.99,10,"2012","HND",18.12,"73.814","..","14.90018","142.5287186","203.71372338","27.99401","4150.26586844041","77.2248726427742","3.75399994850159",0.779194891,0.700452089,0.871437132
"200","Hong Kong","6b",41.6,84,"2012","HKG",72.9,"83.4804878048781","..","..","..","..","..","51344.5030257442","6809.61904761905","3.28999996185303",NA,NA,NA
"201","Hungary","7b",38.86,90,"2012","HUN",70.57999815,"75.0634146341463","93.8580415234128","2.79733","1116.71786052","605.54010421","97.88992","23094.4733308159","109.580934496852","11.0030002593994",0.906113982,0.56923151,0.930297315
"202","Iceland","2d",38.14,94,"2012","ISL",96.20979955,"82.9170731707317","108.46552453756","1.54034","2756.28442617","691.91708912","..","41926.3419355085","3.19916209476309","6",0.978965282,0.904654503,0.758585632
"203","India","5a",53.03,35,"2012","IND",12.58006091,"67.545","50.6780305618952","2.08355","45.81517426","116.32910225","..","4909.58412124372","425.732223638583","2.69000005722046",0.510574579,0.609320104,0.829614758
"204","Indonesia","6c",58.92,16,"2012","IDN",14.52,"69.866","25.0344008432509","3.60604","82.15338774","188.70423391","..","9444.94840145069","137.147564267459","4.46799993515015",0.833621144,0.770319343,0.96158886
"205","Iran","3b",42.08,81,"2012","IRN",22.73,"74.776","..","2.39893","382.49586383","732.2877472","61.77801","17149.7392217045","46.3787556177706","12.6300001144409",0.599542618,0.764418423,0.677707136
"206","Ireland","2c",42.62,78,"2012","IRL",76.91999254,"80.8463414634146","130.084312026127","..","3554.04536562","1452.65115317","..","46256.5688825764","66.7663376397155","15.4530000686646",0.961785913,0.90219456,0.572632253
"207","Israel","3b",44.49,67,"2012","ISR",70.8,"81.7048780487805","..","..","1459.04881492","835.22926286","84.83927","31725.3252423834","365.549907578558","6.85699987411499",0.903415501,0.681439221,0.862327278
"208","Italy","2e",44.02,69,"2012","ITA",55.82999799,"82.2390243902439","..","..","2476.89250338","776.47622373","71.24901","36237.1104277204","202.419653906303","10.6549997329712",0.86948663,0.570094943,0.908323646
"209","Jamaica","1a",70.09,3,"2012","JAM",33.79,"74.001","137.934669887058","..","233.0129532","158.77353978","..","8170.02357288729","262.431394275162","13.9300003051758",NA,NA,NA
"210","Japan","6b",43.25,75,"2012","JPN",79.4964,"83.0960975609756","186.02541795533","..","3347.38752881","640.88854197","..","37191.3859456258","350.090520078999","4.30000019073486",0.905295432,0.752831519,0.692387402
"211","Jordan","3b",54.59,26,"2012","JOR",37,"73.722","66.8553860168527","25.64917","470.07148411","214.87794632","..","9041.23484081969","91.1339490876323","12.1999998092651",0.829496324,0.693142116,NA
"212","Kazakhstan","7a",38.54,91,"2012","KAZ",61.90662747,"69.61","10.4981138465889","..","459.93962692","224.51432918","..","22407.9833149099","6.21998333148128","5.28999996185303",0.891716659,0.839832306,0.876681805
"213","Kenya","4b",27.77,125,"2012","KEN",10.5,"62.659","..","16.98045","48.21894039","64.39743119","..","2610.73799580282","77.9130091014513","9.66199970245361",0.83141011,0.627654195,0.911273062
"214","Korea, Rep.","6b",44.43,68,"2012","KOR",84.07,"80.819512195122","33.8831703384941","..","1222.6999645","853.69236499","..","32097.164002476","515.875583187751","3.20000004768372",NA,NA,NA
"215","Kuwait","3b",27.04,128,"2012","KWT",70.45,"74.728","..","..","1729.49738809","305.01454874","55.61781","80209.8145315893","187.926655443322","2.39800000190735",0.888916671,0.934049547,NA
"216","Kyrgyzstan","7a",47.09,61,"2012","KGZ",19.8,"70.0024390243902","..","1.94228","123.65606779","107.80393548","..","2921.60378315774","29.2346193952033","8.43000030517578",0.856181741,0.702731669,0.892036796
"217","Laos","6c",57.34,19,"2012","LAO",10.74767619,"65.267","..","7.15358","21.32160473","52.65885721","..","4863.79173231388","27.9225736568458","0.689999997615814",0.692627907,NA,NA
"218","Latvia","7b",36.67,101,"2012","LVA",73.11994377,"73.7780487804878","..","1.30043","691.5938846","454.41900872","99.23055","21252.7134300788","32.7166130588614","15.0469999313354",0.851195216,0.563811779,0.894979358
"219","Lebanon","3b",33.56,110,"2012","LBN",61.24978572,"78.611","..","..","615.61767134","603.49689529","..","13610.8883532956","541.410948191593","6.40899991989136",0.712611496,0.620627165,0.855777562
"220","Lithuania","7b",40.9,86,"2012","LTU",67.22998933,"73.8634146341464","..","..","1027.28774262","512.79764453","89.1177","24658.0041667768","47.6716508688507","13.3649997711182",0.918690145,0.503027141,0.956959248
"221","Luxembourg","2c",28.47,122,"2012","LUX",91.94992374,"81.3926829268293","..","3.24119","5068.84550395","942.90469402","..","91622.1774169388","218.496296296296","5.1399998664856",0.913907707,0.916520953,0.402753204
"222","Macedonia","7b",32.66,111,"2012","MKD",57.44994731,"75.019","..","9.12154","489.4693515","283.68189311","..","11839.6168746359","82.2473433782712","31.0160007476807",0.798305035,0.613055706,0.919845164
"223","Madagascar","4a",31.54,113,"2012","MDG",2.3,"64.28","..","..","18.18461111","25.05360213","..","1397.23877913423","38.4098196100001","0.598999977111816",0.673088312,0.487007886,0.853590488
"224","Malawi","4a",34.47,107,"2012","MWI",4.3506,"58.629","41.4204771686525","..","14.25985387","11.9679254","..","1107.97055007375","163.300859142978","6.17700004577637",0.603725672,0.637362719,0.885784984
"225","Malaysia","6c",54.05,33,"2012","MYS",65.8,"74.877","51.6464316160996","1.09778","437.99215242","377.7445646","..","23105.0752924904","88.4740800486988","3.03999996185303",0.841218948,0.848071814,0.846618474
"226","Mali","4c",25.77,132,"2012","MLI",2.8,"56.135","..","37.71404","8.60482932","51.51266688","..","1842.68660161521","13.0959104729591","7.08699989318848",0.823435068,0.704219282,0.786719501
"227","Malta","2e",50.36,44,"2012","MLT",68.19987429,"80.7463414634146","..","..","1672.02269889","877.11464527","68.55354","29443.8000750593","1312.5875","6.30800008773804",0.921752036,0.860689878,NA
"228","Mauritania","4c",38.21,93,"2012","MRT",5,"63.079","..","25.5278","40.56093104","70.84716874","..","3646.7275669296","3.59615212962065","9.86499977111816",0.763332725,0.487372756,0.707005799
"229","Mexico","1a",55.58,23,"2012","MEX",39.75,"74.966","..","..","500.32012131","443.02524803","55.68316","17162.9275170326","60.3277630597495","4.88700008392334",0.767279446,0.787768304,0.633281112
"230","Moldova","7b",54.08,32,"2012","MDA",43.37,"70.581","20.3471393261885","8.20398","224.1424876","200.64429969","93.6488","5079.41639876853","124.03801791128","5.57800006866455",0.826219797,0.602418542,0.955484569
"231","Mongolia","7a",34.95,106,"2012","MNG",16.4,"68.217","..","1.6075","199.76234313","128.6183838","..","9939.57029611532","1.81821043281238","3.90499997138977",0.918516099,0.688311696,0.932385981
"232","Morocco","3a",56.75,21,"2012","MAR",55.41605319,"74.97","..","6.71824","171.52282275","229.6627619","..","6940.43473725353","74.4833027111808","8.98999977111816",0.67582494,0.756784618,0.844934762
"233","Mozambique","4a",24.61,133,"2012","MOZ",6,"53.931","..","14.75109","14.56205586","4.28470805","..","1046.36073470637","31.616582313894","3.27999997138977",NA,NA,NA
"234","Namibia","4a",21.1,140,"2012","NAM",12.9414,"59.387","20.6628679154414","..","453.16830759","318.89581803","..","9427.08226713782","2.66586986359606","16.7709999084473",NA,NA,NA
"235","Nepal","5a",51.91,37,"2012","NPL",11.1493,"68.426","..","..","19.40217172","76.38439219","..","2196.11885083972","188.27946982909","1.58200001716614",0.733602345,0.637778401,0.88349402
"236","Netherlands","2c",50.6,43,"2012","NLD",92.85999236,"81.1048780487805","..","..","4180.7745564","919.52952309","88.36853","47272.1030187972","496.884994068802","5.82100009918213",0.938884676,0.877118647,0.433753788
"237","New Zealand","2a",36.21,103,"2012","NZL",81.64447018,"81.1560975609756","51.8341035438882","..","2528.80569004","612.6302718","..","32986.1828887189","16.7411036420949","6.93100023269653",0.930028617,0.901853085,0.289297938
"238","Nicaragua","1a",60.54,11,"2012","NIC",13.5,"72.951","..","..","179.16329867","135.27866907","..","4458.68453327827","49.7135283363803","5.20800018310547",0.894054413,0.850304902,0.643578768
"239","Niger","4c",26.94,129,"2012","NER",1.05,"58.79","..","44.618","13.36426457","32.05314734","5.11248","876.275999462828","14.0484653035446","0.331999987363815",0.700107574,0.734430909,0.777340889
"240","Nigeria","4c",30.35,115,"2012","NGA",16.1,"51.786","..","..","29.6016134","136.2649301","..","5392.09640256251","183.61251139146","3.69300007820129",0.817579567,0.651688874,0.900431395
"241","Norway","2d",40.36,88,"2012","NOR",94.64997805,"81.4512195121951","..","..","4894.09908488","880.29288492","..","65447.4958248933","13.7403303399718","3.12299990653992",0.947657406,0.946565866,0.368042678
"242","Pakistan","5a",55.56,24,"2012","PAK",9.96,"65.849","..","41.77402","30.16759256","70.14468935","24.36602","4228.51300071067","242.945043327107","1.67499995231628",0.542038023,0.366844118,0.842024505
"243","Palestine","3b",47.73,56,"2012","PSE",43.4,"73.041","..","5.68818","..","..","53.9437","4656.12617625395","661.129235880399","22.9729995727539",NA,NA,NA
"244","Panama","1a",57.37,18,"2012","PAN",40.30189522,"77.188","..","5.15009","746.51912066","482.29460491","..","18806.5630239468","50.72133440947","2.39100003242493",0.89739114,0.783182502,0.795796633
"245","Paraguay","1b",47.8,55,"2012","PRY",29.34,"73.068","..","10.66189","305.54251417","261.05335114","41.77967","10015.4860474708","16.1628794361943","4.08500003814697",0.931004941,0.748206615,0.77365911
"246","Peru","1b",54.37,28,"2012","PER",38.2,"74.981","19.2166594587652","..","284.33542088","240.70783672","56.31027","11400.3357325305","23.052178125","3.10899996757507",0.764071584,0.703000546,0.866837919
"247","Philippines","6c",59.02,14,"2012","PHL",36.2351,"70.149","51.4824182614494","..","70.13735571","193.93827175","..","6081.93666665174","326.03091524969","3.50399994850159",0.812921703,0.914499581,0.771167636
"248","Poland","7b",42.75,77,"2012","POL",62.30999727,"76.7463414634146","..","4.13099","1031.99601075","445.88945643","79.41644","23833.2097049187","124.300058781268","10.0880002975464",0.935923874,0.811301708,0.887895823
"249","Portugal","2e",37.46,98,"2012","PRT",60.33999749,"80.3731707317073","..","..","1617.28961819","849.24359096","47.17181","26454.1026011519","114.803406485424","15.5270004272461",0.86603862,0.773821414,0.959288418
"250","Romania","7b",43.89,70,"2012","ROU",45.87999425,"74.4121951219512","..","4.5165","685.39939938","206.25342317","86.05882","18931.5324968882","87.201265107382","6.79400014877319",0.740043104,0.644536138,0.959486127
"251","Russia","7c",34.47,108,"2012","RUS",63.8,"70.0721951219512","8.54382076495574","..","808.92722729","460.82545069","..","25784.5671588395","8.74414195142295","5.43599987030029",0.901295125,0.609104156,0.937517941
"252","Rwanda","4b",29.59,119,"2012","RWA",8.023854277,"65.438","..","..","33.01320692","25.71346829","9.42537","1588.51643994751","427.631860559384","1.10599994659424",0.637147248,0.835491359,0.081324898
"253","Saudi Arabia","3b",59.7,13,"2012","SAU",54,"74.254","..","..","1388.10378384","593.94613932","..","50491.547401579","13.5625076173774","5.51999998092651",0.867100954,0.560455382,NA
"254","Senegal","4c",38.03,96,"2012","SEN",10.8,"65.448","..","20.7602","33.49757261","73.0326487","..","2854.11926267911","69.609884173895","9.31400012969971",0.711077392,0.668252289,0.851879895
"255","Sierra Leone","4c",23.08,136,"2012","SLE",2.5,"51.018","..","4.38448","13.59954489","111.10696139","..","1440.99744917061","92.9977971737323","4.10799980163574",NA,NA,NA
"256","Singapore","6b",48.24,49,"2012","SGP",72,"81.9951219512195","107.828093624626","..","1208.38057182","1421.00326547","74.08572","78978.8228537791","7524.69846291471","3.72000002861023",NA,NA,NA
"257","Slovakia","7b",43.52,73,"2012","SVK",76.70999012,"76.109756097561","..","4.60221","1458.17544273","577.27248904","99.09493","26647.4219627674","112.451738887712","13.9630002975464",0.925751448,0.620004296,0.906532168
"258","Slovenia","7b",44.53,66,"2012","SVN",68.34997453,"80.1243902439024","..","..","1794.7753144","738.38498883","95.77733","28900.8780286843","102.114051874416","8.84000015258789",0.924753785,0.904386282,0.890754104
"259","South Africa","4a",29.69,118,"2012","ZAF",41,"60.06","..","..","530.16654661","414.6856359","73.61736","12488.2155718204","43.5532441945775","24.7320003509521",0.906595111,0.590144992,0.838216782
"260","Spain","2e",43.19,76,"2012","ESP",69.80999994,"82.4268292682927","83.8725888198885","..","2093.45611249","806.88349997","66.78987","31988.2538693179","93.5068371284061","24.7870006561279",0.937023342,0.754586101,0.843593001
"261","Sri Lanka","5a",56.55,22,"2012","LKA",18.2854,"75.796","68.710394650639","5.73916","146.08222093","198.57254935","..","10171.4244731434","325.70562908627","3.88000011444092",0.824357271,0.800397217,0.822879076
"262","Sudan","4b",28.55,121,"2012","SDN",21,"63.542","..","43.52909","57.80220266","152.92213817","..","4152.15610132041","..","13.1780004501343",0.812500715,0.411947906,0.733679295
"263","Sweden","2d",47.99,53,"2012","SWE",93.17998801,"81.7048780487805","..","..","4104.68088277","806.26855154","87.8741","44774.3868965168","23.3696027888251","7.97599983215332",0.929397464,0.944382191,0.253543109
"264","Switzerland","2c",48.05,52,"2012","CHE",85.2,"82.6975609756098","21.8499716464569","0.02198","4086.55126229","2344.21744719","95.3543","57849.5839884654","202.370199472944","4.4850001335144",0.94686389,0.945428014,0.323240787
"265","Syria","3b",51.32,38,"2012","SYR",24.3001,"70.55","..","..","72.32102042","85.75361206","..","..","111.324625605838","8.67000007629395",0.588395178,0.466770619,0.672964215
"266","Tajikistan","7a",53.48,34,"2012","TJK",14.51,"69.34","..","..","38.06435294","91.51110239","..","2404.80518123496","56.264897113461","11.7030000686646",0.728590906,0.749034524,0.717097759
"267","Tanzania","4b",17.79,142,"2012","TZA",3.95,"60.47","..","11.16677","26.27474483","31.66248117","8.57324","2408.24979235177","53.1186283585459","3.24000000953674",0.832056403,0.577453315,0.886997938
"268","Thailand","6c",50.9,41,"2012","THA",26.46,"74.992","28.4447252312755","..","405.16705938","112.53237282","..","14727.1430471079","132.779966333262","0.579999983310699",0.906098127,0.846932828,0.908612072
"269","Togo","4c",23.28,135,"2012","TGO",4,"58.661","..","..","20.95051104","49.23652839","..","1360.25754497331","124.541404669976","1.89800000190735",NA,NA,NA
"270","Trinidad and Tobago","1a",54.21,30,"2012","TTO",59.5162,"72.382","..","..","759.70004468","795.06849907","..","31777.7241919474","262.147563352827","3.45300006866455",NA,NA,NA
"271","Tunisia","3a",54.31,29,"2012","TUN",41.4416,"75.376","44.6597512024834","..","398.75435592","300.55663636","33.34073","10642.5378970827","69.8184989701339","17.6299991607666",0.614422798,0.567737222,0.899453163
"272","Turkey","3b",41.7,83,"2012","TUR",45.13,"75.373","39.2866761242915","6.78526","731.72168192","192.50031152","40.27997","20616.8698748977","96.9985785377389","8.14900016784668",0.739280581,0.470903218,0.701850235
"273","Uganda","4b",30.21,117,"2012","UGA",14.1,"59.017","..","..","22.56634821","61.23147669","16.93314","1722.18462058045","172.347735886695","3.55100011825562",0.884721696,0.649463236,0.837545872
"274","Ukraine","7c",38.07,95,"2012","UKR",35.27,"70.9441463414634","33.7031001609632","5.59437","318.72701081","284.14906716","..","8481.77974726072","78.7014085479528","7.53000020980835",0.897573471,0.563649774,0.896237016
"275","United Arab Emirates","3b",28.16,123,"2012","ARE",84.9999915,"76.711","..","4.7672","1512.69302915","572.49185216","..","58961.2020109326","128.718614474796","2.40899991989136",0.855876803,0.919792593,NA
"276","United Kingdom","2c",43.31,74,"2012","GBR",87.47999842,"80.9048780487805","100.296149058939","1.53027","2662.89100246","490.8366515","99.75629","37911.2580495317","263.30054147894","7.88500022888184",0.934574962,0.888970494,0.425169915
"277","United States","2b",30.73,114,"2012","USA",74.7,"78.7414634146342","94.163413471203","..","4089.20576465","4349.13165563","95.14301","51603.4972614412","34.3128683279001","8.06900024414063",0.903192282,0.822662294,0.71003443
"278","Uruguay","1c",37.24,99,"2012","URY",54.45376868,"77.004","43.4034504514938","..","1059.11080475","545.13428217","54.37615","18930.9672972602","19.3062164324077","6.45100021362305",0.864693701,0.870590031,0.615349591
"279","Uzbekistan","7a",50.07,45,"2012","UZB",23.6,"70.155","..","4.61169","148.89690721","138.7671748","..","4856.35312062935","69.9917724494593","4.86999988555908",0.933141291,0.913550138,0.463375092
"280","Venezuela","1b",52.49,36,"2012","VEN",49.05008307,"73.037","..","4.76476","332.5800591","646.91440435","..","18343.4798855962","33.2888713791735","6.60099983215332",0.931629658,0.80410856,0.743374348
"281","Vietnam","6c",66.52,5,"2012","VNM",36.8,"74.958","..","..","137.61310993","131.42420244","..","4949.13136306996","289.620043861064","1.02699995040894",0.775008678,0.856053472,0.814884901
"282","Yemen","3b",48.09,50,"2012","YEM",17.4465,"65.92","..","22.30883","47.95557249","145.71012732","..","3935.16710480624","46.3533496221376","13.2519998550415",0.681678295,0.705815315,0.793232739
"283","Zambia","4a",27.18,127,"2012","ZMB",13.4682,"58.502","23.4886020407775","7.84267","46.38596766","31.76286917","..","3634.7803530802","19.4583206661376","7.84999990463257",0.780022562,0.787760317,0.806394398
"284","Zimbabwe","4a",16.59,143,"2012","ZWE",12,"55.032","..","..","38.79122336","64.57872392","55.28325","2534.54191859813","33.9023678428331","5.60799980163574",0.896476209,0.469531178,0.8586905
"285","Iraq","3b",42.59,79,"2012","IRQ",7.1,"69.148","..","..","150.28834122","247.49815636","..","15320.886469871","73.4251496592374","7.96500015258789",0.730118215,0.314564615,0.78919065
"286","Serbia","7b",47.63,58,"2012","SRB",48.1,"74.8365853658537","..","3.45738","805.41142806","481.47618434","..","13933.8382111044","82.3127944203064","24",0.819430411,0.460574687,0.951667845
"287","Albania","7b",47.91,54,"2016","ALB",66.3634447,"78.194","80.7355819675527","..","314.17401407","440.46176526","..","11868.1779203019","104.967189781022","15.2200002670288",0.638411462,0.72981894,0.901070774
"288","Algeria","3a",51.23,40,"2016","DZA",42.94552688,"76.298","..","..","675.61976829","322.29928747","..","15050.4321898664","17.0259574932612","10.2019996643066",0.748588264,NA,NA
"289","Angola","4a",26.78,130,"2016","AGO",13,"59.925","..","..","82.01788306","97.03560045","..","6756.93507436951","23.1350637683484","7.2810001373291",NA,NA,NA
"290","Argentina","1b",58.95,15,"2016","ARG",70.96898082,"76.221","..","..","1139.51810366","382.88692252","56.16676","20130.4080257871","15.9281350828921","8.01599979400635",0.882819116,0.847702205,0.850924492
"291","Armenia","7a",48.28,48,"2016","ARM",64.34602977,"74.64","..","7.23522","144.26553924","717.69137009","..","8808.57271425944","103.131225851774","17.617000579834",0.709218323,0.610986948,0.921421051
"292","Australia","2a",36.64,102,"2016","AUS",86.54,"82.4487804878049","54.595127221496","..","3094.24938432","1435.63766959","92.37753","47352.1116091306","3.14493553058884","5.71099996566772",0.942334235,0.922315717,0.398545116
"293","Austria","2c",47.69,57,"2016","AUT",84.32374257,"81.6414634146342","..","0.11877","3839.55569179","1455.62608032","..","51655.5030888825","105.869493435483","6.01399993896484",0.926318586,0.888513982,0.52364099
"294","Azerbaijan","7a",41.21,85,"2016","AZE",78.2,"72.493","..","..","238.18122814","950.39487579","93.9019","17417.0866946634","118.033288980283","5",0.777271032,0.712573171,0.606770813
"295","Bangladesh","5a",54.09,31,"2016","BGD",18.02,"71.785","..","..","16.26839784","67.4215447","36.92393","3696.77619315223","1213.57332718752","4.34999990463257",0.649116933,0.874700487,0.687853634
"296","Belarus","7c",35.67,104,"2016","BLR",71.11304576,"73.8268292682927","39.960153098796","1.01335","707.49917931","441.41670101","..","18098.4228595267","46.8083514016087","5.84000015258789",0.926551104,0.658228815,0.664055169
"297","Belgium","2c",45.36,64,"2016","BEL",86.51647666,"81.4390243902439","..","0.8961","3925.95713493","741.92511474","82.62144","47214.1806397639","374.221334214003","7.82999992370605",0.928964078,0.865759015,0.4966591
"298","Belize","1a",54.53,27,"2016","BLZ",44.57574032,"74.219","..","..","359.11621735","161.81605361","..","8388.18205260709","16.1508110477861","7.90999984741211",NA,NA,NA
"299","Benin","4c",24.58,134,"2016","BEN",11.99404791,"60.885","..","..","17.14391973","40.89889922","..","2169.75580683695","96.4177633912735","2.41899991035461",0.492815852,0.779795229,0.837715745
"300","Bhutan","5a",58.5,17,"2016","BTN",41.77264453,"70.781","107.650111182046","9.32138","216.76372026","62.39103579","..","9656.33926201132","19.3138899659506","2.33899998664856",NA,NA,NA
"301","Bolivia","1b",49.35,47,"2016","BOL",39.6975146,"70.626","..","10.22788","326.06605694","154.16671387","..","7147.83920983733","10.1835253392412","3.05599999427795",0.795958757,0.881748736,0.852592945
"302","Bosnia and Herzegovina","7b",44.96,65,"2016","BIH",60.25653543,"76.998","52.8681146878044","..","795.23741241","325.58165825","73.0579","12824.0361342552","66.13802734375","25.4099998474121",0.807705104,0.633453727,0.957311988
"303","Botswana","4a",20.85,141,"2016","BWA",39.36299738,"68.178","15.2354925720187","..","520.89990329","348.14912033","..","17314.7804034064","3.81123992024421","17.9489994049072",0.768302798,0.851694882,0.729171813
"304","Brazil","1b",61.01,9,"2016","BRA",60.87254007,"75.23","73.4436742456179","..","590.5459007","1185.4116074","59.52236","15331.5505756438","24.6661407920901","11.6090002059937",0.912455142,0.806571543,0.781092763
"305","Bulgaria","7b",42.04,82,"2016","BGR",59.82554766,"74.8121951219512","..","10.46351","797.85807091","780.08469315","94.16553","19500.3294529732","65.6579034635225","7.57499980926514",0.92603606,0.700265527,0.935988188
"306","Burkina Faso","4c",22.4,138,"2016","BFA",13.96,"60.354","..","25.24737","46.35450232","42.13986746","..","1773.31883763898","68.151966374269","6.36399984359741",0.764401138,0.644681513,0.720542431
"307","Myanmar","5a",51.23,39,"2016","MMR",25.07330424,"66.205","..","..","58.47686393","215.35624556","..","5709.8713605663","81.2231671464445","1.17599999904633",0.793461978,0.877491176,0.607286572
"308","Burundi","4b",21.84,139,"2016","BDI",5.173626777,"60.528","..","..","14.63780938","16.21082373","..","743.903597585734","408.411137071651","1.56599998474121",NA,NA,NA
"309","Cambodia","6c",42.34,80,"2016","KHM",32.39845171,"68.977","..","7.04316","49.84418234","135.41283003","..","3742.95879264866","89.3173181509177","1.13100004196167",0.745901227,0.957821488,0.840416849
"310","Cameroon","4c",27.22,126,"2016","CMR",23.20297197,"58.063","..","9.22136","22.57469826","130.91521425","..","3546.54456017232","50.615681919147","3.47099995613098",0.659299791,0.71250701,0.87945056
"311","Canada","2b",39.4,89,"2016","CAN",91.16,"82.142243902439","..","..","3465.30319146","1252.9936264","..","45011.6431674509","3.97090749336615","6.99900007247925",0.924392521,0.912423909,0.385090441
"312","Central African Republic","4a",22.88,137,"2016","CAF",4,"51.593","..","..","4.44480675","13.21744949","..","789.165191749179","7.28384057273107","6.64699983596802",0.29018417,0.624056518,0.859073043
"313","Chad","4b",34.27,109,"2016","TCD",5,"53.438","..","35.65309","17.91702231","63.19070473","..","2012.81731594869","11.5642201397713","2.41700005531311",0.616204858,0.525222123,0.819788873
"314","Chile","1b",49.72,46,"2016","CHL",83.55858602,"79.779","..","3.3311","1170.5580871","831.39320884","..","22874.1494182585","24.4899577081939","6.73799991607666",0.841388166,0.652289748,0.858124971
"315","China","6a",57.11,20,"2016","CHN",53.2,"76.21","..","..","441.77918787","319.69636825","..","15513.2730434049","146.850677605209","4.5",0.741703033,NA,NA
"316","Colombia","1b",66.1,6,"2016","COL",58.13649357,"76.732","57.4056493415041","4.09662","526.24319697","301.68755081","53.09916","14259.6093025498","43.4172077512393","8.69200038909912",0.88190037,0.834966123,0.897553861
"317","Congo, Rep.","4a",32.43,112,"2016","COG",8.121949323,"63.556","..","..","111.3072743","143.3292056","..","5833.99564359514","14.5856486090776","9.70899963378906",NA,NA,NA
"318","Congo, Dem. Rep.","4a",29.04,120,"2016","COD",6.20997406,"59.655","..","..","4.22598152","15.29659136","36.73039","868.613356218489","34.7540314505635","4.29500007629395",NA,NA,NA
"319","Costa Rica","1a",76.12,1,"2016","CRI",65.88044919,"79.738","..","1.4284","933.38271791","311.05522922","53.68642","16278.6019026601","95.9527027027027","8.59799957275391",0.900701284,0.872971952,0.780562043
"320","Croatia","7b",47.23,60,"2016","HRV",72.69726967,"78.0219512195122","..","..","1334.26623878","370.9413797","..","24524.4840493517","74.5952287348106","13.1029996871948",0.798332155,0.671970546,0.884059787
"321","Cuba","1a",65.68,7,"2016","CUB",42.97867519,"78.607","..","5.55608","2202.08307635","253.33194907","..","..","108.970476831379","2.36199998855591",NA,NA,NA
"322","Cyprus","2e",46.19,62,"2016","CYP",75.9002054,"80.513","..","..","958.32308894","1286.05031592","78.24841","33682.4790814849","126.643614718615","12.9499998092651",0.786438465,0.756220996,0.897639513
"323","Czech Republic","7b",38.31,92,"2016","CZE",76.4811987,"79.0268292682927","..","..","2034.37614444","450.2573847","99.83303","35230.5224608776","136.834136234136","3.95099997520447",0.930592895,0.850328267,0.900430739
"324","Denmark","2d",35.47,105,"2016","DNK",96.96778525,"80.8536585365854","..","..","4284.33808137","808.64222757","92.32102","50694.1921884446","136.41366992141","6.18100023269653",0.954451501,0.948230565,0.209893376
"325","Djibouti","4b",40.44,87,"2016","DJI",13.13491511,"65.064","..","40.38476","55.87260999","32.22941949","..","..","40.0824849007765","11.0459995269775",NA,NA,NA
"326","Dominican Republic","1a",71.78,2,"2016","DOM",63.87086474,"73.471","..","4.56674","428.36126405","502.67508636","67.81237","15613.1481703744","215.22962119644","7.28399991989136",0.894753456,0.872712433,0.737182975
"327","Ecuador","1b",55.46,25,"2016","ECU",54.06292473,"76.365","..","..","482.67658651","456.75144465","51.86497","11222.0784862582","66.400044290546","4.59700012207031",0.842352092,0.846336305,0.774084151
"328","Egypt","3a",60.32,12,"2016","EGY",41.24806709,"71.482","..","..","151.28547387","359.77365541","..","11294.2492425601","94.8787704053443","12.4069995880127",0.809218585,0.655845225,0.817527413
"329","El Salvador","1a",61.46,8,"2016","SLV",28.99707305,"72.644","52.1460801149452","10.01583","386.5069577","199.49968941","40.09236","7686.02635964398","306.763658301158","4.41800022125244",0.793659985,0.799847007,0.797312021
"330","Estonia","7b",26.42,131,"2016","EST",87.24023275,"77.6414634146342","..","2.43643","1498.99628519","484.23797697","..","30897.5469102613","30.2689210950081","6.76200008392334",0.937715113,0.842770696,0.639085293
"331","Ethiopia","4b",28.1,124,"2016","ETH",15.36692386,"65.482","..","..","19.20043917","39.67387872","..","1746.162769853","103.603501","1.93499994277954",0.718718708,0.744307697,0.702880859
"332","Finland","2d",47.23,59,"2016","FIN",87.70364996,"81.4292682926829","..","0.67694","3181.08751495","930.90729686","..","43729.9644889289","18.0820078312658","8.81799983978271",0.953940451,0.948372185,0.249659568
"333","France","2c",43.86,71,"2016","FRA",79.26981132,"82.5243902439024","..","0.02556","3964.31876765","817.96137632","81.15912","42047.2872382377","122.105587096777","10.0570001602173",0.884922922,0.786780477,0.622697055
"334","Georgia","7a",43.6,72,"2016","GEO",58.45928961,"73.207","44.3825029019792","1.72736","291.38208597","487.77249764","97.41884","9993.51512094474","65.2140557752196","13.9700002670288",0.533412278,0.606468379,0.560924053
"335","Germany","2c",48.07,51,"2016","DEU",84.16520664,"80.990243902439","..","..","4625.84697945","837.48367288","96.21296","49921.330617974","235.712929356538","4.12200021743774",0.906029284,0.870515049,0.445922136
"336","Ghana","4c",37.1,100,"2016","GHA",34.66600065,"63.124","..","..","72.63578379","92.5160998","..","4135.64500107798","125.173358530368","6.76700019836426",0.647303164,0.75116837,0.893955231
"337","Greece","2e",37.58,97,"2016","GRC",69.08791547,"81.3878048780488","..","1.70572","1373.51071363","881.89470725","61.50724","27273.9345786637","83.5994647013189","23.5389995574951",0.802605867,0.481616855,0.898470819
"338","Guatemala","1a",68.37,4,"2016","GTM",34.50932609,"73.541","22.1150708200206","12.50399","172.08218038","286.02110414","..","7955.3200105864","154.750466592012","2.82599997520447",0.811235487,0.862675726,0.812030017
"339","Guinea","4c",30.25,116,"2016","GIN",9.8,"60.17","..","29.37746","13.24843984","65.13878986","..","2167.24734922033","47.7716140322318","3.66799998283386",0.675447047,0.725685179,0.802781165
"340","Guyana","1a",45.63,63,"2016","GUY",35.66,"69.454","..","..","196.06255681","116.94916398","..","7864.89061182963","3.91854711709423","12.3380002975464",NA,NA,NA
"341","Haiti","1a",50.84,42,"2016","HTI",12.23260161,"62.896","..","..","14.63664501","44.17138363","..","1787.1592845693","393.322568940493","13.6470003128052",0.58374244,0.303540409,0.838523149
"342","Honduras","1a",60.99,10,"2016","HND",29.5,"74.701","..","17.97366","183.7891432","203.93912831","34.35744","4683.12669639531","82.8563321118956","4.66800022125244",0.773909986,0.850046694,0.792875171
"343","Hong Kong","6b",41.6,84,"2016","HKG",87.47941467,"84.2268292682927","..","..","..","..","..","58755.3080616592","6987.2380952381","3.39000010490417",NA,NA,NA
"344","Hungary","7b",38.86,90,"2016","HUN",79.25941213,"76.0634146341464","97.3310677234426","2.30739","1293.00499263","670.15763738","96.26488","26851.6249748593","108.406307301447","5.11499977111816",0.899511576,0.55395174,0.924185812
"345","Iceland","2d",38.14,94,"2016","ISL",98.2400163,"82.2048780487805","73.1811978838547","0.54309","3460.19200053","784.91698729","..","52582.2938522275","3.34602493765586","2.9779999256134",0.984940052,0.951609552,0.719299555
"346","India","5a",53.03,35,"2016","IND",22,"68.897","..","..","61.40124602","177.60965202","..","6634.84463501265","445.484341397623","2.73000001907349",0.613529384,0.820068777,0.764722109
"347","Indonesia","6c",58.92,16,"2016","IDN",25.4473537,"71.035","31.366190714778","8.64616","162.24882069","198.92371612","40.23055","11604.5252493009","144.379861666952","4.30100011825562",0.791830599,0.82994163,0.889677405
"348","Iran","3b",42.08,81,"2016","IRN",53.22677167,"76.047","..","..","852.64250747","710.50673539","67.35319","20150.3222604927","48.8494412927626","12.4300003051758",0.566281199,0.773303747,0.712782621
"349","Ireland","2c",42.62,78,"2016","IRL",85.01113212,"81.7048780487805","84.8295535010247","..","3819.27700851","1480.19736851","..","70522.225919013","69.027943097692","8.36600017547607",0.958144009,0.874589145,0.398544312
"350","Israel","3b",44.49,67,"2016","ISR",79.65312418,"82.4073170731707","..","..","1776.91842969","1022.64859866","..","37513.3916357154","394.916820702403","4.7979998588562",0.889660776,0.772297323,0.804056585
"351","Italy","2e",44.02,69,"2016","ITA",61.32425277,"83.2439024390244","..","2.14686","2552.11695671","875.18950946","..","39045.1681677898","206.117828245053","11.6879997253418",0.927212834,0.623741627,0.902801216
"352","Jamaica","1a",70.09,3,"2016","JAM",44.36685637,"74.175","122.654911981114","13.04618","324.40160476","205.07024331","..","8761.97659823284","268.350692520776","13.1920003890991",NA,NA,NA
"353","Japan","6b",43.25,75,"2016","JPN",93.18272128,"83.9848780487805","196.416942668695","..","3838.61219268","753.81601564","..","41118.0780381719","348.350096006144","3.09999990463257",0.899773836,0.836064637,0.697639346
"354","Jordan","3b",54.59,26,"2016","JOR",62.30219257,"74.184","75.3859144807761","23.62952","312.81496382","153.73001718","..","8983.16634203456","107.585796350529","15.2749996185303",0.819944739,0.771350622,NA
"355","Kazakhstan","7a",38.54,91,"2016","KAZ",74.58772647,"72.3","16.7692758640144","..","504.87136301","343.8195242","..","25314.865536271","6.59112308775049","4.96000003814697",0.927810669,0.782805562,0.702016652
"356","Kenya","4b",27.77,125,"2016","KEN",16.6,"65.393","..","..","51.92943105","63.68400821","..","3121.83048910676","86.1856239238149","9.62899971008301",0.70592159,0.748508275,0.828411579
"357","Korea, Rep.","6b",44.43,68,"2016","KOR",92.84302568,"82.2756097560976","40.3607233268095","..","1604.12597916","1107.61227784","..","37142.832902789","525.656278622769","3.70000004768372",NA,NA,NA
"358","Kuwait","3b",27.04,128,"2016","KWT",78.36738376,"75.224","..","0.88499","2432.15192401","467.10831373","..","75689.2757483502","222.046745230079","2.16000008583069",0.845222056,0.840967178,NA
"359","Kyrgyzstan","7a",47.09,61,"2016","KGZ",37,"70.9512195121951","60.4735108680683","..","93.94284731","138.36426204","..","3567.8126844613","31.6970802919708","7.21000003814697",0.914375484,0.813939214,0.916922808
"360","Laos","6c",57.34,19,"2016","LAO",21.87,"66.924","..","7.06518","50.10158282","76.51000886","..","6473.2305488419","29.6613778162912","0.647000014781952",NA,NA,NA
"361","Latvia","7b",36.67,101,"2016","LVA",79.84209778,"74.580487804878","..","1.37789","868.48967621","721.2023685","100","25839.9123592995","31.5139433901576","9.64299964904785",0.917073965,0.685299277,0.867639601
"362","Lebanon","3b",33.56,110,"2016","LBN",76.11,"78.8","..","..","598.15471317","539.58197914","..","12693.5641824444","656.023558162268","6.26300001144409",0.827885926,0.657357454,0.853114486
"363","Lithuania","7b",40.9,86,"2016","LTU",74.37664556,"74.6707317073171","..","..","1297.79152109","661.00499753","92.94309","30299.9189349312","45.7876649942685","7.86199998855591",0.937873363,0.614239335,0.949392676
"364","Luxembourg","2c",28.47,122,"2016","LUX",98.13669867,"82.6853658536585","..","..","5176.17583078","1123.62757045","..","105082.07346404","239.511934156379","6.29099988937378",0.941260576,0.882365346,0.356336325
"365","Macedonia","7b",32.66,111,"2016","MKD",72.15681447,"75.498","..","..","594.06971723","333.72346857","..","14813.357450806","82.503766851705","23.7240009307861",0.871212244,0.706179321,0.869719028
"366","Madagascar","4a",31.54,113,"2016","MDG",4.713662899,"65.931","..","..","43.09232818","24.67220256","..","1507.94228250435","42.788552767274","1.75499999523163",0.746496975,0.569645405,0.864171147
"367","Malawi","4a",34.47,107,"2016","MWI",11.47,"62.681","55.1578705122511","..","32.2993265","20.95317939","..","1230.41657133435","182.491397963513","5.71199989318848",0.524299622,0.809884131,0.823615015
"368","Malaysia","6c",54.05,33,"2016","MYS",78.78830993,"75.649","52.6778383779305","..","531.23697569","521.0930442","72.19997","28185.539041375","93.3946248668391","3.44000005722046",NA,NA,NA
"369","Mali","4c",25.77,132,"2016","MLI",11.11218649,"57.987","..","42.06246","25.65268618","29.41097664","4.73807","2131.58970331291","14.7234684762209","9.72999954223633",0.836254537,0.696007371,0.862326682
"370","Malta","2e",50.36,44,"2016","MLT",78.0751488,"82.4536585365854","..","..","2215.90775302","1295.22511303","74.28941","38338.8841841179","1422.9875","4.7020001411438",0.930369377,0.916023612,0.696494639
"371","Mauritania","4c",38.21,93,"2016","MRT",18,"64.208","..","24.58085","60.0779606","90.37925763","..","3984.21488994888","4.03952071407781","10.3780002593994",0.784826875,0.466561466,0.841835141
"372","Mexico","1a",55.58,23,"2016","MEX",59.540446,"74.917","..","..","506.78538737","465.03722861","58.47642","18781.8429159921","63.4447264590139","3.85899996757507",0.893492579,0.751613081,0.808579445
"373","Moldova","7b",54.08,32,"2016","MDA",70.99999911,"71.617","31.8856692606523","8.84113","234.38511923","228.17944569","..","6424.37121926973","123.731285052426","4.18499994277954",0.83732146,0.557369471,0.969482958
"374","Mongolia","7a",34.95,106,"2016","MNG",22.2657705,"69.321","..","..","264.50411197","183.96116478","..","12140.8470898576","1.9673260125132","7.2350001335144",0.947489381,0.759740949,0.900452137
"375","Morocco","3a",56.75,21,"2016","MAR",58.27123642,"75.974","..","4.48971","218.20785536","244.45896991","..","7890.99716687807","78.7055702442303","9.30000019073486",0.655409336,0.816556096,0.717356145
"376","Mozambique","4a",24.61,133,"2016","MOZ",17.52123909,"58.309","..","11.27044","32.88270029","5.2684097","..","1260.87375616269","35.3899412497775","3.38100004196167",NA,NA,NA
"377","Namibia","4a",21.1,140,"2016","NAM",31.03334594,"62.625","..","..","599.92357057","301.50463137","..","11200.4278760286","2.86416815459923","23.3519992828369",NA,NA,NA
"378","Nepal","5a",51.91,37,"2016","NPL",19.68876384,"69.848","..","..","28.97846958","108.73043541","..","2641.97112847173","190.171824206488","1.42599999904633",0.837043643,0.839488447,0.81711489
"379","Netherlands","2c",50.6,43,"2016","NLD",90.4109589,"81.5609756097561","..","..","4252.27230496","998.96927319","87.91227","51338.5732558743","505.500563965568","6.00600004196167",0.925944209,0.907310009,0.43330425
"380","New Zealand","2a",36.21,103,"2016","NZL",88.47018635,"81.6124390243903","42.4222699429698","0.57012","2882.4480646","782.27348089","100","39122.5421346301","17.8238578101857","5.09999990463257",0.93660289,0.926576018,0.278270781
"381","Nicaragua","1a",60.54,11,"2016","NIC",24.57183396,"73.86","..","..","297.25715085","164.97464405","..","5400.21790377602","52.3846933687884","4.34000015258789",0.852702439,0.716534257,0.731464922
"382","Niger","4c",26.94,129,"2016","NER",4.32275803,"61.137","..","41.66358","14.92068204","38.54980856","..","984.683133561114","16.4118086366148","0.310999989509583",0.682828248,0.701927304,0.814493895
"383","Nigeria","4c",30.35,115,"2016","NGA",25.67,"53.541","..","..","27.83837851","163.87633144","..","5882.98733987229","204.179198919596","6.23699998855591",0.804766953,0.797690511,0.904706836
"384","Norway","2d",40.36,88,"2016","NOR",97.29820367,"82.4073170731707","..","..","5281.01424815","922.44045485","99.13166","58138.4377052193","14.3363164960781","4.67899990081787",0.959742844,0.954352319,0.409666121
"385","Pakistan","5a",55.56,24,"2016","PAK",12.38544676,"66.77","..","33.84174","40.20753652","98.02987527","26.74714","4975.65439476224","264.149133457866","3.44000005722046",0.626921296,0.634182811,0.79253006
"386","Palestine","3b",47.73,56,"2016","PSE",61.17838483,"73.589","..","3.4927","..","..","60.01609","4967.18788158128","725.429900332226","26.8899993896484",NA,NA,NA
"387","Panama","1a",57.37,18,"2016","PAN",54,"77.964","..","..","1148.23313875","589.29767386","..","23195.8111318552","54.3055959106807","3.31500005722046",0.882460237,0.884479761,0.836976767
"388","Paraguay","1b",47.8,55,"2016","PRY",53.40412748,"73.836","..","..","396.34440953","371.03917411","47.28031","12287.9858793711","17.0598338786811","5.25500011444092",0.93986696,0.853534281,0.756116271
"389","Peru","1b",54.37,28,"2016","PER",45.46174069,"76.044","23.1818536888382","..","436.34329178","242.79836409","..","13404.2222149468","24.1609625","3.53500008583069",0.802856445,0.829843879,0.86591959
"390","Philippines","6c",59.02,14,"2016","PHL",55.5,"70.802","..","3.12123","107.97394225","226.84219878","..","7784.13669907134","347.667193211926","2.70799994468689",0.821298718,0.907595754,0.791962206
"391","Poland","7b",42.75,77,"2016","POL",73.3007041,"77.8512195121951","..","..","1243.745968","537.47880964","82.85309","27735.3508495019","124.008253045495","6.16099977493286",0.91739881,0.870707512,0.847753942
"392","Portugal","2e",37.46,98,"2016","PRT",70.42356709,"81.1243902439025","..","2.2442","1843.59238929","934.82319732","53.63212","31042.005773058","112.71638943829","11.0659999847412",0.90463537,0.83806932,0.922192395
"393","Romania","7b",43.89,70,"2016","ROU",59.50395129,"75.309756097561","..","9.81802","900.86157093","251.31387829","87.18482","23868.0691960307","85.6325278164117","5.90100002288818",0.809229195,0.8217206,0.949044526
"394","Russia","7c",34.47,108,"2016","RUS",73.09143462,"71.6512195121951","14.1758237486197","0.20568","757.03265346","572.25976649","..","24072.2779258979","8.8137962870805","5.55900001525879",0.910927355,0.713606298,0.925462723
"395","Rwanda","4b",29.59,119,"2016","RWA",20,"67.93","..","0.1496","44.17489463","20.23966171","..","1978.27038614757","472.99627077422","1.0349999666214",0.665130913,0.910736382,0.158601388
"396","Saudi Arabia","3b",59.7,13,"2016","SAU",74.87927469,"74.761","..","..","2113.52681757","1003.7067091","..","54159.8017553361","15.0917443910517","5.65000009536743",0.889932334,0.774267733,NA
"397","Senegal","4c",38.03,96,"2016","SEN",25.66476804,"67.078","..","22.74117","48.97857369","83.95514346","..","3351.53661694622","77.8763205734171","6.61299991607666",0.838994384,0.743729651,0.794353724
"398","Sierra Leone","4c",23.08,136,"2016","SLE",11.77318438,"53.444","..","..","27.26616002","116.73470019","..","1486.04485150236","101.535577722361","4.71000003814697",0.656723499,0.681202114,0.863264859
"399","Singapore","6b",48.24,49,"2016","SGP",84.45226789,"82.8463414634146","109.39795310629","..","2226.67248947","1857.07919422","76.26805","91452.0427303235","7908.72056321932","4.07999992370605",0.925128222,0.903735638,0.047311153
"400","Slovakia","7b",43.52,73,"2016","SVK",80.47585728,"77.1658536585366","..","6.65463","1734.23994521","437.92039131","99.1484","30895.9894265554","112.953369384359","9.67000007629395",0.945179105,0.700098515,0.916609168
"401","Slovenia","7b",44.53,66,"2016","SVN",75.49850426,"81.1756097560976","..","..","2003.9823933","768.24738231","96.99319","33183.9973679307","102.524180819215","8",0.934487343,0.903551102,0.838474393
"402","South Africa","4a",29.69,118,"2016","ZAF",54,"63.153","..","..","575.62603768","474.29636643","..","13247.6504754716","46.3309845106299","26.5510005950928",0.875389755,0.774136424,0.812858999
"403","Spain","2e",43.19,76,"2016","ESP",80.56133294,"83.3292682926829","104.114614302675","0.62934","2322.21740652","937.58536868","73.31044","36715.8453115458","93.0482790070529","19.6350002288818",0.941736817,0.768173754,0.818558574
"404","Sri Lanka","5a",56.55,22,"2016","LKA",16.4,"76.482","..","..","211.7993926","274.31535316","81.6522","12359.3458645432","338.111943868601","4.36999988555908",NA,NA,NA
"405","Sudan","4b",28.55,121,"2016","SDN",14.09999994,"64.663","..","37.98693","58.03878453","233.21847148","..","4703.85680799966","..","13.0089998245239",NA,NA,NA
"406","Sweden","2d",47.99,53,"2016","SWE",89.65094761,"82.3073170731707","..","..","4498.2163719","888.51765152","90.25109","49084.0655443068","24.3624880312293","6.98999977111816",0.912060678,0.918036401,0.246182442
"407","Switzerland","2c",48.05,52,"2016","CHE",89.13468774,"83.6024390243903","19.7681338025769","..","4939.04204985","2928.25497706","96.44221","64215.8602620115","211.89740340796","4.91800022125244",0.927628279,0.933947086,0.301562965
"408","Syria","3b",51.32,38,"2016","SYR",31.86962727,"70.315","..","..","..","..","..","..","95.0494635952731","8.25300025939941",NA,NA,NA
"409","Tajikistan","7a",53.48,34,"2016","TJK",20.47,"70.397","..","2.48817","59.63094562","138.21707589","..","3006.51114103208","62.4222134159522","10.9890003204346",0.856656969,0.703026891,0.631887853
"410","Tanzania","4b",17.79,142,"2016","TZA",13,"63.844","..","13.33599","45.49038794","25.71150746","..","2926.32804308874","59.8902573944457","2.09500002861023",0.63775593,0.77548492,0.739247262
"411","Thailand","6c",50.9,41,"2016","THA",47.50496562,"76.403","..","..","496.17585273","137.36958923","42.59521","16961.2655705925","135.002311652215","0.688000023365021",0.907543659,0.924145699,0.877978384
"412","Togo","4c",23.28,135,"2016","TGO",11.31,"60.22","..","11.06562","20.02896912","59.17003843","..","1620.70308114073","138.075969847398","1.65400004386902",0.509440958,0.730286777,0.815044165
"413","Trinidad and Tobago","1a",54.21,30,"2016","TTO",73.29694122,"73.1","..","..","1151.14723069","1027.70363916","..","31588.4386431263","268.530994152047","2.97199988365173",NA,NA,NA
"414","Tunisia","3a",54.31,29,"2016","TUN",49.59999484,"76.115","..","..","456.68042642","349.13969257","39.33479","11743.489903439","72.7596936148301","15.5139999389648",0.701822102,0.614438355,0.810745656
"415","Turkey","3b",41.7,83,"2016","TUR",58.34773401,"76.86","31.8721809053214","6.23432","854.42755744","234.81746781","48.50621","26150.3997990425","103.714413419435","10.83899974823",0.879994631,0.64414674,0.763706565
"416","Uganda","4b",30.21,117,"2016","UGA",21.87617046,"61.986","..","..","19.3916392","50.4333977","..","1908.30026780832","197.723449032515","1.79200005531311",0.753540218,0.739409745,0.811069787
"417","Ukraine","7c",38.07,95,"2016","UKR",53,"71.4763414634146","71.8095454494004","..","226.55871466","303.20122036","..","8289.70728764745","77.6893179581902","9.35000038146973",0.884961367,0.5025419,0.891075134
"418","United Arab Emirates","3b",28.16,123,"2016","ARE",90.60000732,"77.47","..","..","1845.41310985","700.77449364","..","72386.0904689447","131.807659814137","1.6360000371933",0.849379838,0.949119508,NA
"419","United Kingdom","2c",43.31,74,"2016","GBR",94.77580063,"81.1560975609756","116.487384769112","0.43269","3351.6670804","825.72818837","..","42977.2206489129","271.134481048237","4.81300020217896",0.954068184,0.821192145,0.458313286
"420","United States","2b",30.73,114,"2016","USA",85.54442129,"78.5390243902439","99.0171145300394","0.43096","8077.92583581","1791.81654283","95.70406","57904.2019610641","35.3183019911625","4.86899995803833",0.896751285,0.757893085,0.738919556
"421","Uruguay","1c",37.24,99,"2016","URY",66.4,"77.498","50.6849558759359","..","1404.40652055","553.7416474","56.79404","21820.2590104409","19.5642326591247","7.84100008010864",0.900380909,0.886371911,0.676212788
"422","Uzbekistan","7a",50.07,45,"2016","UZB",46.79128694,"71.171","..","..","192.30829502","219.67204867","99.87935","6348.10200778877","74.8657733897508","5.15999984741211",0.945102155,0.983803034,NA
"423","Venezuela","1b",52.49,36,"2016","VEN",60,"72.405","..","8.04832","..","..","76.50982","..","33.8372870018706","7.46000003814697",0.901949286,0.457601577,0.890124679
"424","Vietnam","6c",66.52,5,"2016","VNM",53,"75.172","..","..","168.98923864","172.79611672","..","6365.28948548994","301.992208211049","1.85099995136261",0.876323581,0.894351125,0.799240172
"425","Yemen","3b",48.09,50,"2016","YEM",24.57920836,"66.087","..","21.12059","..","..","..","2827.69102252571","51.4578669242571","13.5240001678467",0.775407016,0.532964051,NA
"426","Zambia","4a",27.18,127,"2016","ZMB",25.50657885,"62.464","..","..","67.07519233","33.66072827","..","3998.00443487432","22.0120085015941","7.37200021743774",0.76704663,0.811574519,0.770643592
"427","Zimbabwe","4a",16.59,143,"2016","ZWE",23.11998904,"60.294","..","..","86.05472194","51.95182639","..","2687.38542890619","36.2682952048598","5.23899984359741",0.768425405,0.732971489,0.72361201
"428","Iraq","3b",42.59,79,"2016","IRQ",21.23,"70.122","28.8496488963411","..","..","..","..","17828.3934907632","84.3314214728393","8.0930004119873",0.718956709,0.666160166,0.798866451
"429","Serbia","7b",47.63,58,"2016","SRB",67.05684137,"75.6878048780488","..","0.77919","767.15013135","553.49391448","85.71535","15615.2321059434","80.7034301394923","15.2569999694824",0.894894958,0.614370823,0.889765203
